{
    "best_valid": 0.8796634615384615,
    "selected_epoch": 20,
    "test": 0.8796153846153846,
    "time": 978.3764626979828
}